--
-- PostgreSQL database dump
--

-- Dumped from database version 12.5 (Ubuntu 12.5-0ubuntu0.20.04.1)
-- Dumped by pg_dump version 12.5 (Ubuntu 12.5-0ubuntu0.20.04.1)

SET statement_timeout = 0;
SET lock_timeout = 0;
SET idle_in_transaction_session_timeout = 0;
SET client_encoding = 'UTF8';
SET standard_conforming_strings = on;
SELECT pg_catalog.set_config('search_path', '', false);
SET check_function_bodies = false;
SET xmloption = content;
SET client_min_messages = warning;
SET row_security = off;

SET default_tablespace = '';

SET default_table_access_method = heap;

--
-- Name: akters; Type: TABLE; Schema: public; Owner: postgres
--

CREATE TABLE public.akters (
    id integer NOT NULL,
    name_akters character varying(50),
    films_id integer
);


ALTER TABLE public.akters OWNER TO postgres;

--
-- Name: authors; Type: TABLE; Schema: public; Owner: postgres
--

CREATE TABLE public.authors (
    id integer NOT NULL,
    name character varying(200) DEFAULT 'lore'::character varying NOT NULL,
    year date DEFAULT '1970-01-01'::date NOT NULL,
    books_id bigint
);


ALTER TABLE public.authors OWNER TO postgres;

--
-- Name: authors_books; Type: TABLE; Schema: public; Owner: postgres
--

CREATE TABLE public.authors_books (
    author_id integer DEFAULT 0 NOT NULL,
    book_id integer DEFAULT 0 NOT NULL
);


ALTER TABLE public.authors_books OWNER TO postgres;

--
-- Name: authors_id_seq; Type: SEQUENCE; Schema: public; Owner: postgres
--

CREATE SEQUENCE public.authors_id_seq
    AS integer
    START WITH 1
    INCREMENT BY 1
    NO MINVALUE
    NO MAXVALUE
    CACHE 1;


ALTER TABLE public.authors_id_seq OWNER TO postgres;

--
-- Name: authors_id_seq; Type: SEQUENCE OWNED BY; Schema: public; Owner: postgres
--

ALTER SEQUENCE public.authors_id_seq OWNED BY public.authors.id;


--
-- Name: books; Type: TABLE; Schema: public; Owner: postgres
--

CREATE TABLE public.books (
    id integer NOT NULL,
    title character varying(200) DEFAULT 'noname'::character varying NOT NULL,
    genre_id integer DEFAULT 0 NOT NULL
);


ALTER TABLE public.books OWNER TO postgres;

--
-- Name: books_id_seq; Type: SEQUENCE; Schema: public; Owner: postgres
--

CREATE SEQUENCE public.books_id_seq
    AS integer
    START WITH 1
    INCREMENT BY 1
    NO MINVALUE
    NO MAXVALUE
    CACHE 1;


ALTER TABLE public.books_id_seq OWNER TO postgres;

--
-- Name: books_id_seq; Type: SEQUENCE OWNED BY; Schema: public; Owner: postgres
--

ALTER SEQUENCE public.books_id_seq OWNED BY public.books.id;


--
-- Name: films_id_seq; Type: SEQUENCE; Schema: public; Owner: postgres
--

CREATE SEQUENCE public.films_id_seq
    AS integer
    START WITH 1
    INCREMENT BY 1
    NO MINVALUE
    NO MAXVALUE
    CACHE 1;


ALTER TABLE public.films_id_seq OWNER TO postgres;

--
-- Name: films_id_seq; Type: SEQUENCE OWNED BY; Schema: public; Owner: postgres
--

ALTER SEQUENCE public.films_id_seq OWNED BY public.akters.id;


--
-- Name: genres; Type: TABLE; Schema: public; Owner: postgres
--

CREATE TABLE public.genres (
    id integer NOT NULL,
    genre character varying(100) DEFAULT 'unknown'::character varying NOT NULL
);


ALTER TABLE public.genres OWNER TO postgres;

--
-- Name: genres_id_seq; Type: SEQUENCE; Schema: public; Owner: postgres
--

CREATE SEQUENCE public.genres_id_seq
    AS integer
    START WITH 1
    INCREMENT BY 1
    NO MINVALUE
    NO MAXVALUE
    CACHE 1;


ALTER TABLE public.genres_id_seq OWNER TO postgres;

--
-- Name: genres_id_seq; Type: SEQUENCE OWNED BY; Schema: public; Owner: postgres
--

ALTER SEQUENCE public.genres_id_seq OWNED BY public.genres.id;


--
-- Name: movies; Type: TABLE; Schema: public; Owner: postgres
--

CREATE TABLE public.movies (
    id integer NOT NULL,
    movie character varying(50),
    movies_pr integer
);


ALTER TABLE public.movies OWNER TO postgres;

--
-- Name: movies_id_seq; Type: SEQUENCE; Schema: public; Owner: postgres
--

CREATE SEQUENCE public.movies_id_seq
    AS integer
    START WITH 1
    INCREMENT BY 1
    NO MINVALUE
    NO MAXVALUE
    CACHE 1;


ALTER TABLE public.movies_id_seq OWNER TO postgres;

--
-- Name: movies_id_seq; Type: SEQUENCE OWNED BY; Schema: public; Owner: postgres
--

ALTER SEQUENCE public.movies_id_seq OWNED BY public.movies.id;


--
-- Name: parents; Type: TABLE; Schema: public; Owner: postgres
--

CREATE TABLE public.parents (
    id bigint NOT NULL,
    p_id integer,
    name character varying(50)
);


ALTER TABLE public.parents OWNER TO postgres;

--
-- Name: parents_id_seq; Type: SEQUENCE; Schema: public; Owner: postgres
--

CREATE SEQUENCE public.parents_id_seq
    START WITH 1
    INCREMENT BY 1
    NO MINVALUE
    NO MAXVALUE
    CACHE 1;


ALTER TABLE public.parents_id_seq OWNER TO postgres;

--
-- Name: parents_id_seq; Type: SEQUENCE OWNED BY; Schema: public; Owner: postgres
--

ALTER SEQUENCE public.parents_id_seq OWNED BY public.parents.id;


--
-- Name: producer; Type: TABLE; Schema: public; Owner: postgres
--

CREATE TABLE public.producer (
    id integer NOT NULL,
    name_producer character varying(50)
);


ALTER TABLE public.producer OWNER TO postgres;

--
-- Name: producer_id_seq; Type: SEQUENCE; Schema: public; Owner: postgres
--

CREATE SEQUENCE public.producer_id_seq
    AS integer
    START WITH 1
    INCREMENT BY 1
    NO MINVALUE
    NO MAXVALUE
    CACHE 1;


ALTER TABLE public.producer_id_seq OWNER TO postgres;

--
-- Name: producer_id_seq; Type: SEQUENCE OWNED BY; Schema: public; Owner: postgres
--

ALTER SEQUENCE public.producer_id_seq OWNED BY public.producer.id;


--
-- Name: akters id; Type: DEFAULT; Schema: public; Owner: postgres
--

ALTER TABLE ONLY public.akters ALTER COLUMN id SET DEFAULT nextval('public.films_id_seq'::regclass);


--
-- Name: authors id; Type: DEFAULT; Schema: public; Owner: postgres
--

ALTER TABLE ONLY public.authors ALTER COLUMN id SET DEFAULT nextval('public.authors_id_seq'::regclass);


--
-- Name: books id; Type: DEFAULT; Schema: public; Owner: postgres
--

ALTER TABLE ONLY public.books ALTER COLUMN id SET DEFAULT nextval('public.books_id_seq'::regclass);


--
-- Name: genres id; Type: DEFAULT; Schema: public; Owner: postgres
--

ALTER TABLE ONLY public.genres ALTER COLUMN id SET DEFAULT nextval('public.genres_id_seq'::regclass);


--
-- Name: movies id; Type: DEFAULT; Schema: public; Owner: postgres
--

ALTER TABLE ONLY public.movies ALTER COLUMN id SET DEFAULT nextval('public.movies_id_seq'::regclass);


--
-- Name: parents id; Type: DEFAULT; Schema: public; Owner: postgres
--

ALTER TABLE ONLY public.parents ALTER COLUMN id SET DEFAULT nextval('public.parents_id_seq'::regclass);


--
-- Name: producer id; Type: DEFAULT; Schema: public; Owner: postgres
--

ALTER TABLE ONLY public.producer ALTER COLUMN id SET DEFAULT nextval('public.producer_id_seq'::regclass);


--
-- Data for Name: akters; Type: TABLE DATA; Schema: public; Owner: postgres
--

COPY public.akters (id, name_akters, films_id) FROM stdin;
1	Tom Hardi	1
2	Leonardo Dicaprio	2
3	ANgelina Jolie	3
\.


--
-- Data for Name: authors; Type: TABLE DATA; Schema: public; Owner: postgres
--

COPY public.authors (id, name, year, books_id) FROM stdin;
5	Роберт Хайнлайн	1907-07-07	\N
4	Иоган Гёте	1749-08-29	2
1	Френк Герберт	1920-10-08	4
2	Михаил Булгаков	1891-05-15	1
3	Ждек Лондон	1876-01-12	3
\.


--
-- Data for Name: authors_books; Type: TABLE DATA; Schema: public; Owner: postgres
--

COPY public.authors_books (author_id, book_id) FROM stdin;
1	4
2	1
3	3
4	2
\.


--
-- Data for Name: books; Type: TABLE DATA; Schema: public; Owner: postgres
--

COPY public.books (id, title, genre_id) FROM stdin;
1	Мастер и Маргарита	2
2	Фауст	0
3	Белый клык	3
4	Дюна	1
5	Война и мир	2
\.


--
-- Data for Name: genres; Type: TABLE DATA; Schema: public; Owner: postgres
--

COPY public.genres (id, genre) FROM stdin;
1	SF
2	novel
3	story
4	horror
\.


--
-- Data for Name: movies; Type: TABLE DATA; Schema: public; Owner: postgres
--

COPY public.movies (id, movie, movies_pr) FROM stdin;
1	Venum	2
3	Kung Fu Panda 3	1
2	The Revenant	3
\.


--
-- Data for Name: parents; Type: TABLE DATA; Schema: public; Owner: postgres
--

COPY public.parents (id, p_id, name) FROM stdin;
1	2	Mary
2	3	Tatiana
3	4	Vera
4	0	Marusia
\.


--
-- Data for Name: producer; Type: TABLE DATA; Schema: public; Owner: postgres
--

COPY public.producer (id, name_producer) FROM stdin;
1	Гильермо дель Торо
2	Avi Arad
3	Stive Golin
\.


--
-- Name: authors_id_seq; Type: SEQUENCE SET; Schema: public; Owner: postgres
--

SELECT pg_catalog.setval('public.authors_id_seq', 5, true);


--
-- Name: books_id_seq; Type: SEQUENCE SET; Schema: public; Owner: postgres
--

SELECT pg_catalog.setval('public.books_id_seq', 5, true);


--
-- Name: films_id_seq; Type: SEQUENCE SET; Schema: public; Owner: postgres
--

SELECT pg_catalog.setval('public.films_id_seq', 3, true);


--
-- Name: genres_id_seq; Type: SEQUENCE SET; Schema: public; Owner: postgres
--

SELECT pg_catalog.setval('public.genres_id_seq', 4, true);


--
-- Name: movies_id_seq; Type: SEQUENCE SET; Schema: public; Owner: postgres
--

SELECT pg_catalog.setval('public.movies_id_seq', 3, true);


--
-- Name: parents_id_seq; Type: SEQUENCE SET; Schema: public; Owner: postgres
--

SELECT pg_catalog.setval('public.parents_id_seq', 4, true);


--
-- Name: producer_id_seq; Type: SEQUENCE SET; Schema: public; Owner: postgres
--

SELECT pg_catalog.setval('public.producer_id_seq', 3, true);


--
-- Name: authors authors_pkey; Type: CONSTRAINT; Schema: public; Owner: postgres
--

ALTER TABLE ONLY public.authors
    ADD CONSTRAINT authors_pkey PRIMARY KEY (id);


--
-- Name: books books_pkey; Type: CONSTRAINT; Schema: public; Owner: postgres
--

ALTER TABLE ONLY public.books
    ADD CONSTRAINT books_pkey PRIMARY KEY (id);


--
-- Name: genres genres_pkey; Type: CONSTRAINT; Schema: public; Owner: postgres
--

ALTER TABLE ONLY public.genres
    ADD CONSTRAINT genres_pkey PRIMARY KEY (id);


--
-- Name: authors authors_books_id_fkey; Type: FK CONSTRAINT; Schema: public; Owner: postgres
--

ALTER TABLE ONLY public.authors
    ADD CONSTRAINT authors_books_id_fkey FOREIGN KEY (books_id) REFERENCES public.books(id);


--
-- PostgreSQL database dump complete
--

